pathway	pval	padj	log2err	ES	NES	size	leadingEdge
E2F_TARGETS	1.3854525875437285e-47	6.927262937718642e-46	1.7973424641233884	0.7054930443414051	3.567556504126174	199	UBE2T,TOP2A,PAICS,NME1,MYBL2,CDC20,BIRC5,KIF4A,DLGAP5,DEPDC1,HMMR,KIF2C,BUB1B,TK1,RRM2,PLK1,MELK,E2F8,CDCA8,HMGB3,CCNB2,GINS1,PTTG1,CDKN3,KIF18B
MYC_TARGETS_V1	7.396824359146324e-39	1.8492060897865811e-37	1.6216995507529544	0.6649301954151284	3.362437181301501	199	SRPK1,NME1,CDC20,CSTF2,CDC45,CCNA2,CCT3,MAD2L1,KPNA2,PRDX4,MCM4,HSPD1,EPRS1,CCT5,LDHA,ILF2,PRPS2,MCM6,HPRT1,CBX3,MCM2,IARS1,RFC4,MRPL9,HDGF
G2M_CHECKPOINT	1.4643142422354536e-38	2.4405237370590894e-37	1.6153022889297488	0.6626799841675381	3.3439905750705323	195	UBE2C,TOP2A,EXO1,MYBL2,CDC20,BIRC5,KIF4A,GINS2,HMMR,KIF2C,CDC6,PLK1,TPX2,HMGB3,CCNB2,CENPF,NEK2,CENPA,PTTG1,CDKN3,AURKB,NDC80,TROAP,BUB1,STIL
GLYCOLYSIS	1.450167083799087e-20	1.8127088547488586e-19	1.1690699667610949	0.5476047145003703	2.7624499388860584	189	B3GNT3,KIF20A,SPAG4,DEPDC1,HMMR,CENPA,EFNA3,HS6ST2,KDELR3,AURKA,SLC25A10,PMM2,B4GALT2,ERO1A,GMPPA,ENO1,LDHA,SLC25A13,TPBG,CDK1,PFKP,PKM,FUT8,EGLN3,RPE
MTORC1_SIGNALING	1.42758213140532e-13	1.42758213140532e-12	0.9436322252328375	0.47167559719022617	2.3838253974972368	198	PSAT1,RRM2,PLK1,SLC2A1,BUB1,AURKA,MCM4,HSPD1,SLC7A5,EPRS1,GPI,ERO1A,SHMT2,CCNF,ENO1,GAPDH,LDHA,PDK1,MTHFD2,HPRT1,HSP90B1,SORD,EGLN3,MCM2,CDC25A
MYC_TARGETS_V2	4.581253596488334e-13	3.817711330406945e-12	0.9214260034948982	0.6878221720167849	2.872804009034297	56	PLK1,MCM4,HSPD1,TFB2M,SORD,CBX3,PRMT3,BYSL,GNL3,TBRG4,HSPE1,SRM,MRTO4,PLK4,AIMP2,DCTPP1,EXOSC5,PUS1,NIP7,WDR43,UNG,TCOF1,MPHOSPH10,CDK4,NOLC1
UNFOLDED_PROTEIN_RESPONSE	7.898668179014173e-12	5.641905842152981e-11	0.8753251320246591	0.5401966719028637	2.4974613856165306	111	PSAT1,ALDH18A1,KDELR3,DKC1,SLC7A5,ERO1A,MTHFD2,HSP90B1,SRPRB,PDIA6,HYOU1,IARS1,HSPA5,CKS1B,PREB,SDAD1,SSR1,CALR,YWHAZ,H2AX,SLC1A4,XPOT,TARS1,EXOSC5,NFYA
DNA_REPAIR	3.911504246755585e-8	2.4446901542222405e-7	0.7195128263389107	0.437416768802223	2.12324047357078	148	NME1,ZWINT,NME4,FEN1,RAD51,HPRT1,CANT1,POLR2H,RFC4,SEC61A1,PCNA,TMED2,SSRP1,TYMS,SAC3D1,POLR2D,RFC2,RAE1,POLB,ALYREF,POLR2J,CSTF3,NELFCD,TAF12,POLR3C
MYOGENESIS	7.622533903245347e-8	3.9364880355885215e-7	0.7049757151672383	-0.4386755388820631	-1.98603355847266	174	FHL1,SGCG,ACTN2,TNNC1,CD36,DAPK2,VIPR1,DES,CRYAB,GPX3,NOS1,FGF2,CFD,PYGM,HSPB8,HBEGF,CASQ2,SGCA,SORBS1,TNNI2,AK1,REEP1,COX7A1,MYOZ1,MEF2A
TNFA_SIGNALING_VIA_NFKB	7.872976071177044e-8	3.9364880355885215e-7	0.7049757151672383	-0.4268930371109993	-1.9674130708291477	199	PPP1R15A,OLR1,HBEGF,KLF9,PTGER4,PLPP3,KLF4,KLF6,FOSB,LDLR,RCAN1,KLF2,NR4A1,CD83,CCRL2,PER1,BMP2,DNAJB4,MAP3K8,DRAM1,DENND5A,ZFP36,CXCL2,EDN1,IL7R
INFLAMMATORY_RESPONSE	3.817608727038776e-6	1.7352766941085346e-5	0.610526878385931	-0.40228916638480305	-1.8411939867491993	191	NMUR1,CALCRL,LAMP3,MARCO,OLR1,HBEGF,SCARF1,GPC3,RNF144B,PTGER4,ADGRE1,MSR1,KLF6,LDLR,CSF3,MEFV,BEST1,C5AR1,CSF3R,CCRL2,SLC31A2,FPR1,EDN1,IL7R,BTG2
MITOTIC_SPINDLE	7.057290867726355e-6	2.940537861552648e-5	0.610526878385931	0.35218049911972427	1.7767305260113413	196	TOP2A,BIRC5,KIF4A,DLGAP5,KIF2C,PLK1,TPX2,ANLN,CCNB2,CENPF,NEK2,NDC80,BUB1,KIF11,TTK,AURKA,ECT2,ESPL1,KIF23,KIF15,CENPE,LMNB1,CDK1,KNTC1,KIF22
OXIDATIVE_PHOSPHORYLATION	2.555585048771531e-5	9.829173264505889e-5	0.5756102610711286	0.33778486965055543	1.7087335025748978	197	GPI,LDHA,MTX2,IDH2,TIMM17A,TOMM70,AIFM1,MDH2,MRPS12,MRPL15,VDAC1,UQCRH,TIMM10,GOT2,HSPA9,FH,LRPPRC,ATP5PD,NDUFS6,CYC1,MRPL35,NDUFS8,TIMM9,HSD17B10,TIMM50
UV_RESPONSE_DN	4.272391942366536e-4	0.0015258542651309058	0.49849310876659025	-0.3834209764800654	-1.70295733090013	144	PTPN21,CAV1,GRK5,PRKCE,TGFBR3,BDNF,DLC1,TGFBR2,FBLN5,PTPRM,PLPP3,LDLR,PTGFR,INSIG1,SMAD7,EFEMP1,ADGRL2,CELF2,PPARG,SYNE1,NEK7,RXRA,CITED2,TJP1,APBB2
COAGULATION	6.945534263020604e-4	0.002315178087673535	0.47727081536286214	-0.38687767853625316	-1.6699191837528948	119	PECAM1,THBD,CPB2,C8B,F10,F11,CFD,OLR1,P2RY1,A2M,VWF,F8,APOA1,PROS1,CSRP1,SERPING1,RAPGEF3,TIMP3,C1QA,HMGCS2,LEFTY2,PF4,CTSH,RGN,APOC1
BILE_ACID_METABOLISM	8.004963852461335e-4	0.0025015512038941675	0.47727081536286214	-0.4078008854433293	-1.7054337720053534	97	ABCA8,CAT,SLCO1A2,RXRG,HSD17B6,CYP27A1,ABCA3,APOA1,ABCA9,NR0B2,ALDH1A1,ABCA6,RXRA,HSD17B4,DHCR24,IDI1,NR3C2,SULT1B1,AQP9,GNMT,BMP6,EPHX2,ACSL1,HSD17B11,PEX11G
COMPLEMENT	0.0027068282352479484	0.007961259515435143	0.4317076958033464	-0.3311880259723226	-1.5151526201563268	189	SPOCK2,ACTN2,CD36,F10,NOTCH4,OLR1,DOCK4,PCSK9,CA2,F8,CSRP1,CALM1,SERPING1,ZEB1,GNAI2,C1QA,DOCK9,FCN1,PPP2CB,PIK3R5,CDH13,CTSH,S100A12,APOC1,JAK2
KRAS_SIGNALING_UP	0.0033919694468411664	0.009422137352336574	0.4317076958033464	-0.32419139830121246	-1.4844251443583205	192	PECAM1,TMEM100,PRKG2,MTMR10,SPARCL1,RETN,PPP1R15A,GYPC,ACE,HBEGF,TSPAN7,RBP4,USP12,CA2,WNT7A,SEMA3B,KLF4,GNG11,CAB39L,ENG,IL33,ALDH1A2,CCND2,CDADC1,NR0B2
KRAS_SIGNALING_DN	0.0036458225348597792	0.009594269828578366	0.4317076958033464	-0.35231311857432024	-1.5445159240186352	133	UPK3B,TGM1,KRT4,ZBTB16,NOS1,SCGB1A1,SYNPO,DCC,CNTFR,PTGFR,MEFV,PRKN,RYR2,KRT1,ITIH3,P2RX6,SELENOP,EDN1,BTG2,CAPN9,CPEB3,KLK7,KRT13,MTHFR,SGK1
TGF_BETA_SIGNALING	0.005208068479816917	0.013020171199542293	0.40701791892395395	-0.4445975968552818	-1.6606998625942322	54	SPTBN1,SMAD6,PPP1R15A,ENG,SMAD7,BMPR2,BMP2,WWTR1,LEFTY2,ID3,TJP1,APC,CDKN1C,KLF10,ID2,ID1,SKI,JUNB,RHOA,BMPR1A
CHOLESTEROL_HOMEOSTASIS	0.006490230349823855	0.015014728378385276	0.40701791892395395	-0.39893262671714824	-1.5822340784473334	72	LPL,SEMA3B,FABP5,LDLR,PPARG,LSS,IDI1,STARD4,SREBF2,ATF3,HMGCS1,CXCL16,SCD,CD9,HMGCR,PNRC1,ACSS2,CPEB2,CYP51A1,CLU,ALCAM,NFIL3,MVK,LGALS3,GSTM2
IL2_STAT5_SIGNALING	0.006606480486489521	0.015014728378385276	0.40701791892395395	-0.31475285392643265	-1.445594751523658	194	AGER,GLIPR2,SLC39A8,AHNAK,IL3RA,PTH1R,ITIH5,SELP,CA2,KLF6,IL1RL1,RORA,CCND2,GATA1,GABARAPL1,SOCS2,BMPR2,PRKCH,CAPN3,CD83,PLAGL1,BMP2,CD81,MAP3K8,MYO1C
SPERMATOGENESIS	0.007462332783050567	0.016222462571849058	0.40701791892395395	0.33562859209660406	1.5390066980591137	95	KIF2C,CCNB2,NEK2,CDKN3,NCAPH,BUB1,TTK,AURKA,EZH2,SLC2A5,GAD1,CDK1,DBF4,RFC4,YBX2,RPL39L,SCG5,COIL,IDE,MAST2,STRBP
IL6_JAK_STAT3_SIGNALING	0.00816715427591704	0.017014904741493836	0.3807304007227924	-0.378889176933924	-1.5449386649245074	83	ACVRL1,CD36,LEPR,IL3RA,CNTFR,A2M,PTPN1,CSF3R,MAP3K8,PF4,PIK3R5,IL6ST,CXCL3,IL17RA,CD9,CD44,IFNGR1,IL6,CSF2RB,IL12RB1,IL18R1,JUN,IRF1,MYD88,IL1R1
ADIPOGENESIS	0.009854762465778677	0.019709524931557355	0.3807304007227924	-0.3174555550416928	-1.4571406285655801	193	FABP4,ACADL,CAVIN2,CD36,CAT,LPL,CYP4B1,SPARCL1,GPX3,RETN,ITIH5,CAVIN1,HSPB8,ANGPT1,SULT1A1,RMDN3,SORBS1,MTARC2,LIFR,ALDH2,STOM,FZD4,LTC4S,PPARG,QDPR
HEME_METABOLISM	0.013236917494949166	0.025455610567209935	0.3807304007227924	-0.3161624304461957	-1.440365986410896	179	TAL1,GYPE,CAT,HBB,TNS1,LMO2,GYPC,TRIM58,ABCG2,ALAS2,ACP5,SNCA,CA2,ADD1,TRAK2,SIDT2,KAT2B,GATA1,SELENBP1,EZH1,NEK7,ACKR1,AGPAT4,BTG2,SDCBP
EPITHELIAL_MESENCHYMAL_TRANSITION	0.01811001067009003	0.03353705679646302	0.35248785758361917	0.26127650362013255	1.3230305221976093	200	GREM1,SPP1,CTHRC1,COL11A1,MMP1,THBS2,COL1A1,ADAM12,COL3A1,TIMP1,COL5A2,COL5A1,MMP3,P3H1,CALU,FAP,COMP,SERPINH1,COL7A1,PLOD1,MXRA5,VCAN,MEST,COPA,SLC6A8
PROTEIN_SECRETION	0.038629941013745096	0.06898203752454482	0.3217759180753611	0.2979219553503842	1.3661049611981158	95	SEC24D,CLTC,ICA1,COG2,TMED2,COPB2,YKT6,TPD52,TOM1L1,ERGIC3,SCAMP3,SEC31A,ARCN1,ZW10,VPS45,BET1,LMAN1,OCRL,KRT18,ANP32E,COPB1,SCRN1,RER1,BNIP3,SEC22B
APICAL_JUNCTION	0.046008119079837616	0.07932434324109933	0.24504178543099617	-0.28868087156423816	-1.320632560298258	185	ACTN2,PECAM1,CLDN18,CLDN5,SLIT2,RRAS,VWF,ARHGEF6,CD34,INSIG1,MYL9,SORBS3,NEGR1,CLDN11,ICAM2,GNAI2,MYH10,EPB41L2,TSPAN4,NFASC,TJP1,AMIGO1,ITGA10,NEXN,SGCE
APICAL_SURFACE	0.05564648117839607	0.0927441352973268	0.24504178543099617	-0.3971189348611693	-1.4153668288603594	41	SCUBE1,PCSK9,MDGA1,NTNG1,SRPX,AKAP7,MAL,CD160,RTN4RL1,TMEM8B,ADIPOR2,CX3CL1,GSTM3
XENOBIOTIC_METABOLISM	0.07330567081604426	0.11823495292910365	0.19381330272531053	-0.2793405630492698	-1.264669860262368	174	CD36,CAT,PDK4,CDO1,CYP1A2,F10,F11,CES1,CYP27A1,RBP4,CA2,NDRG2,ALDH2,GSTA3,ATOH8,PROS1,ABHD6,GABARAPL1,FBP1,PAPSS2,SLC12A4,VTN,PTGDS,UPB1,TTPA
INTERFERON_GAMMA_RESPONSE	0.07723577235772358	0.12068089430894309	0.18643255843407516	-0.27077943809728694	-1.2450588565443463	197	SELP,PTPN1,LATS2,SERPING1,FPR1,EIF4E3,SAMHD1,TRIM25,OASL,JAK2,P2RY14,GBP4,TXNIP,CASP1,HLA-DRB1,SLC25A28,IRF8,B2M,PTPN6,IL6,NOD1,CSF2RB,IFIT2,NFKBIA,IFIT3
APOPTOSIS	0.09847434119278779	0.14705882352941177	0.16565669520548273	-0.27378881298820484	-1.2302689650795027	157	CAV1,BCL2L2,TGFBR3,FEZ1,GPX3,ADD1,NEDD9,SMAD7,CCND2,TIMP3,BMP2,BTG2,CFLAR,IL1A,ATF3,PRF1,TXNIP,GADD45B,CASP1,HGF,ETF1,DCN,SATB1,SPTAN1,CD44
FATTY_ACID_METABOLISM	0.1	0.14705882352941177	0.16565669520548273	-0.2754801584946116	-1.2235401404813837	144	CA4,INMT,GPD1,ACADL,CD36,AOC3,SERINC1,CA2,LTC4S,GABARAPL1,ALDH1A1,HSDL2,HMGCS2,HSD17B4,DHCR24,IDI1,HMGCS1,PTPRG,ACSS1,ACAA2,MAOA,MGLL,ADIPOR2,ACSL1,HSD17B11
WNT_BETA_CATENIN_SIGNALING	0.15436241610738255	0.22051773729626079	0.14375898903927542	-0.3631851646382693	-1.2705603962556644	39	NOTCH4,NKD1,NUMB,CCND2,AXIN2,NOTCH1,HEY1,HEY2,PTCH1,HDAC5,FZD8,DLL1,HDAC11
ESTROGEN_RESPONSE_EARLY	0.16464237516869096	0.22866996551207078	0.12267918956880833	-0.25276434240794027	-1.1628024184308012	196	WFS1,SLC1A1,DLC1,HSPB8,CLIC3,ABCA3,REEP1,SEMA3B,KLF4,SH3BP5,PGR,PAPSS2,CCN5,ADCY9,GAB2,GFRA1,RAB17,ABLIM1,KLK10,PODXL,RETREG1,IL6ST,CBFA2T3,THSD4,JAK2
ANDROGEN_RESPONSE	0.19640179910044978	0.26540783662222944	0.11776578836269024	-0.2761585375971211	-1.1539051486351939	98	PTPN21,PIAS1,LIFR,ADAMTS1,INSIG1,GPD1L,SELENOP,DHCR24,IDI1,HMGCS1,CCND3,SGK1,SRF,PTK2B,SCD,DBI,HMGCR,TSC22D1,B2M,HPGD,ZMIZ1,AKAP12,TMPRSS2,HERC3,MAK
UV_RESPONSE_UP	0.20209059233449478	0.2659086741243353	0.1847064712077387	0.228298963379421	1.119172090525677	150	PPAT,EPCAM,CCNE1,CHRNA5,FEN1,PPIF,POLR2H,CNP,RFC4,STIP1,CASP3,POLG2,ALDOA,SLC6A8,H2AX,E2F5,TARS1,SHOX2,YKT6,FKBP4,FMO1,SIGMAR1,BAK1,CLCN2,MMP14
P53_PATHWAY	0.22899728997289973	0.2935862691960253	0.10135074379709887	-0.24274192006613077	-1.1148634277495433	194	SESN1,ZBTB16,PPP1R15A,HBEGF,AK1,KLF4,STOM,CCND2,MXD4,NUPR1,BMP2,CD81,RXRA,DRAM1,BTG2,IL1A,CDH13,S100A4,ATF3,PPM1D,NHLH2,CDKN2B,TXNIP,ISCU,NOTCH1
ESTROGEN_RESPONSE_LATE	0.2826086956521739	0.344644750795334	0.08916471178206781	-0.23646883825276277	-1.0817660168210503	190	CAV1,TNNC1,EMP2,WFS1,HSPB8,CLIC3,ABCA3,GPER1,CACNA2D2,CA2,SEMA3B,KLF4,FABP5,PGR,ST6GALNAC2,PAPSS2,CCN5,TPSAB1,HMGCS2,UNC13B,KLK11,ZFP36,KLK10,IL6ST,JAK2
INTERFERON_ALPHA_RESPONSE	0.27761194029850744	0.344644750795334	0.09560314922043013	-0.26347382822452753	-1.101854313546088	97	LAMP3,CCRL2,TRIM25,OASL,GBP4,TXNIP,CASP1,SLC25A28,TMEM140,UBA7,B2M,CD47,IFIT2,IFIT3,CD74,IL15,IRF1,TRIM21,GMPR,WARS1,IFITM2,ELF1,DHX58,HLA-C,SAMD9L
ANGIOGENESIS	0.28987993138936535	0.34509515641591115	0.10135074379709887	-0.33195468724358784	-1.1250633252800282	34	THBD,LPL,OLR1,CCND2,VTN,SLCO2A1,PF4,KCNJ8,S100A4,MSX1,APOH
HEDGEHOG_SIGNALING	0.30360205831903947	0.35302564920818547	0.09854998035316907	-0.3294398052373529	-1.1165398682500467	34	DPYSL2,CNTFR,RTN1,ETS2,HEY1,HEY2,PTCH1,VLDLR
ALLOGRAFT_REJECTION	0.453551912568306	0.5153999006458023	0.06479433660007268	-0.21794126699058428	-0.9970598446351118	189	FGR,HLA-E,APBB1,CFP,CCND2,KRT1,SPI1,PF4,ITGAL,LY86,PRF1,JAK2,C2,KLRD1,CCND3,GPR65,HLA-DOA,IL18RAP,ETS1,IRF8,B2M,HLA-DRA,IFNGR1,PTPN6,IL16
HYPOXIA	0.5335820895522388	0.5799805321219987	0.1119183163251045	0.19661671648307563	0.9878523350833183	187	SLC2A1,EFNA3,KDELR3,GPI,ERO1A,ENO1,GAPDH,LDHA,PDK1,SLC2A5,TPBG,PFKP,TPI1,HSPA5,COL5A1,AK4,CP,CASP6,ALDOA,EDN2,AMPD3,SLC37A4,TPD52,KIF5A,IGFBP3
PANCREAS_BETA_CELLS	0.5283993115318416	0.5799805321219987	0.06863256318367258	-0.31029690550888717	-0.9455715920511827	20	LMO2,PCSK2,AKT3,FOXO1,FOXA2,ABCC8,STXBP1,ELP4
NOTCH_SIGNALING	0.5793918918918919	0.6163743530764807	0.06321911708594577	-0.27149695124784534	-0.9144764696581412	32	ARRB1,DTX4,ST3GAL6,NOTCH1,FZD5,HEYL,DLL1,MAML2,TCF7L2
PEROXISOME	0.7805970149253731	0.8131218905472638	0.043625124000060564	-0.2043723746952101	-0.85148726341788	96	CAT,RXRG,SCGB1A1,ALDH1A1,CLN8,CADM1,HSD17B4,DHCR24,IDI1,ABCB1,PEX5,EPHX2,ACSL1,HSD17B11,ACSL4,SLC25A4,SULT2B1,TSPO,ABCC8,DLG4,ACAA1,MLYCD
REACTIVE_OXYGEN_SPECIES_PATHWAY	0.9128205128205128	0.9314495028780743	0.06143641072012707	0.1870953301220552	0.7460889832152784	48	PRDX4,PFKP,NQO1,NDUFB4,ERCC2,GCLC,NDUFS2,GCLM,PRDX2,TXN,TXNRD1,PRDX1,SOD1,MGST1,ATOX1,SBNO2,GSR,G6PD
PI3K_AKT_MTOR_SIGNALING	0.9510703363914373	0.9510703363914373	0.06799225915440577	0.16464158945900564	0.7551092695572926	99	SLC2A1,PDK1,CDK1,HSP90B1,CLTC,CALR,CDK4,TRAF2,E2F1,TRIB3,PPP1CA,SFN,ACTR3,STAT2,ARF1,CSNK2B,CFL1,PRKAA2,MAP3K7,ACTR2,PPP2R1B,CDK2,RAC1,PLCB1,DAPP1
