gene_name	gene_id	de_log2FC	HR	HR_low	HR_high	p	HR_adj	p_adj_model	fdr	fdr_adj_model
FAM83A	ENSG00000147689	6.362551821319818	1.5309404045109243	1.2981332803965056	1.8054991406184286	4.186972270301487e-7	1.3961343915982756	1.6605979054108916e-4	1.0467430675753718e-5	0.004151494763527229
CLEC3B	ENSG00000163815	-4.2299269450255315	0.7447268092235603	0.638902868558745	0.8680787763990292	1.638185776766248e-4	0.7753859800294561	0.0017131111451312794	0.0020477322209578102	0.021413889314140993
SFTPC	ENSG00000168484	-7.119577489073258	0.8158055187489258	0.705993482770611	0.9426980002837342	0.005780758957558616	0.8360215364032876	0.02006421181795162	0.048172991312988474	0.11238440308937274
NCKAP5	ENSG00000176771	-4.203235064957169	0.8034849620083372	0.6817399051846	0.9469712411784492	0.009056783596504383	0.8249058495768914	0.023628347929215424	0.056604897478152394	0.11238440308937274
SGCG	ENSG00000102683	-4.16254011052283	0.8026332673207933	0.6735781719064718	0.9564148434125679	0.01396238697149013	0.8329600654491155	0.05245118956822221	0.06981193485745064	0.14740347887588484
JAM2	ENSG00000154721	-2.4611254545217127	0.8537364275387952	0.7392859848590142	0.9859051877545103	0.03129864317560946	0.8422250731521738	0.02379501147116414	0.11511131579940026	0.11238440308937274
FHL1	ENSG00000022267	-3.5775027824168495	0.8527180580468159	0.7370170234417195	0.9865824850606472	0.03223116842383207	0.8780511602915795	0.11564789859340766	0.11511131579940026	0.26283613316683563
LIMS2	ENSG00000072163	-2.7922199886745065	0.854949012795045	0.735398941442369	0.9939337321394599	0.04143625880019383	0.8422623439571664	0.03262971689213415	0.12218832596659705	0.11653470318619338
TEK	ENSG00000120156	-3.1562630070257964	0.8649586850622338	0.7495817142398958	0.9980946875461663	0.047025240534013205	0.8407168799911442	0.026972256741449454	0.12218832596659705	0.11238440308937274
SLC6A4	ENSG00000108576	-7.805905094266506	0.8402803752701111	0.7066773139502247	0.9991421758217237	0.04887533038663882	0.8385793479274107	0.05306525239531855	0.12218832596659705	0.14740347887588484
RGCC	ENSG00000102760	-2.8761136553788482	0.87181930280382	0.7554076515205482	1.0061705030540902	0.060677027086662755	0.9184721136479622	0.2708446834368723	0.1379023342878699	0.44138551423418393
TAL1	ENSG00000162367	-2.888887000182462	0.8803588573545467	0.7584754973587843	1.0218282863737482	0.09374652755410454	0.8907493309298995	0.14760011815753987	0.1953052657377178	0.2677759670955145
KANK3	ENSG00000186994	-3.0574235276800392	0.8897964732435367	0.7611612717870173	1.0401708457103087	0.14275629929980638	0.8688496856388379	0.09476014632582412	0.27453134480731994	0.2369003658145603
PTPN21	ENSG00000070778	-2.434142039599209	1.1044818929626636	0.9580980895498905	1.273231065991878	0.17071883090644316	1.0675726899471603	0.37742484891166217	0.2875385018811811	0.4858017562576343
PRX	ENSG00000105227	-3.584068227553102	0.908945470010581	0.7852464347029025	1.0521306827268073	0.20085761302868918	0.896466407378566	0.14995454157348811	0.2875385018811811	0.2677759670955145
ITLN2	ENSG00000158764	-7.506133025918089	0.8954717827717965	0.7554876442843065	1.0613935513136445	0.20302813561576855	0.9130409121603176	0.2824867291098777	0.2875385018811811	0.44138551423418393
ST8SIA6	ENSG00000148488	-4.043002305344381	0.9065402368837466	0.7782983794948344	1.0559127742533014	0.2073636268014028	0.9463349378781648	0.4789695340644968	0.2875385018811811	0.5442835614369282
RAMP2	ENSG00000131477	-2.801310258174974	0.912889410962488	0.7883659512703538	1.0570815181763884	0.22319912719404028	0.8915153905873969	0.1415517032850159	0.2875385018811811	0.2677759670955145
STXBP6	ENSG00000168952	-4.086099428942516	0.9073369207125989	0.7757274487008046	1.0612751799192162	0.223918905286153	0.9307048072204099	0.38887867214162275	0.2875385018811811	0.4858017562576343
RTKN2	ENSG00000182010	-4.6082738775162175	0.9120779643909511	0.784814898261775	1.0599776010496498	0.23003080150494484	0.9388109667710536	0.4080734752564128	0.2875385018811811	0.4858017562576343
SERTM1	ENSG00000180440	-7.012790670437115	0.905464561299122	0.7637856865450808	1.0734242421813447	0.25268617576374297	0.9268328283249728	0.3482564035506982	0.3008168759092178	0.4858017562576343
PYCR1	ENSG00000183010	3.5663246792012413	1.0720998310481173	0.9248099437820889	1.2428478472374989	0.35585059412873216	1.0236481925199883	0.7673382831294909	0.4043756751462866	0.8340633512277075
EDNRB	ENSG00000136160	-3.618238422010266	0.9611141794599924	0.8341519675650373	1.1074006918134283	0.5832224405977265	0.9348412489465019	0.3855960672671044	0.6339374354323114	0.4858017562576343
UPK3B	ENSG00000243566	-5.927562832886968	0.9738073433980399	0.8362620243506471	1.1339756134356316	0.7326271319202922	0.9832660762525368	0.8280063424022999	0.763153262416971	0.8625066066690624
FABP4	ENSG00000170323	-5.867211510165972	0.9980584364519884	0.8605408008281689	1.1575519041216167	0.9795017452522016	1.0079685384195531	0.9181826130968492	0.9795017452522016	0.9181826130968492
